schoolId,name,maxRank,championCount,secCount,thiCount,goldCount,silverCount,bronzeCount
4dfe973a-47e8-4b7d-b732-f8be04718e35,北京大学,1,31,14,2,145,23,1
f4648d78-c34b-4ab8-8a20-694c58c2aa8b,清华大学,1,17,16,8,129,22,5
b13063b1-3464-4497-9046-1db81a5a47f8,浙江大学,1,2,10,9,115,29,10
6c84bfaf-6515-45c7-aa0a-87d24efdc968,中山大学,1,1,2,2,57,68,36
c46c399e-cd9c-43dd-b246-5321888b1c4c,上海交通大学,1,1,1,8,72,41,4
7adb1ace-682c-4ebf-8f43-6fe30008cbf5,西安交通大学,1,1,1,1,19,46,41
6474caac-e8dd-4b7e-a363-ab1d18e29111,中南大学,1,1,0,1,21,38,39
0c0783df-9146-4262-a41e-2fd4f6bf7e70,杭州电子科技大学,2,0,2,3,63,78,31
b7f37f66-579e-4d0e-8bff-d5dca65eff32,中国科学技术大学,2,0,2,0,34,40,23
905a5ab5-4924-463b-84a1-4c441d00cf8b,南京邮电大学,2,0,1,2,22,22,45
6227d8bd-0ba9-45e3-850d-f2d9f6da4554,北京航空航天大学,2,0,1,1,59,68,27
42f6f2ed-3fd8-4b86-84a4-bf2c13775708,南京大学,2,0,1,1,49,76,41
ac33a652-2564-4cc6-aef2-964baad15f9c,电子科技大学,2,0,1,1,45,74,49
d8002193-c15a-4c33-83cc-0b0f369be5fa,北京交通大学,2,0,1,1,20,27,40
f5ffabcf-8868-49da-b27a-d5e1dbf6c141,复旦大学,2,0,1,0,34,48,23
ddb000ba-d467-4640-9166-eb0da33a1c04,暨南大学,2,0,1,0,9,8,18
bca30630-c469-415c-9155-619407783b10,北京理工大学,3,0,0,4,37,64,48
99e6d252-b20e-445d-aff1-17aadf254e62,哈尔滨工业大学,3,0,0,2,34,51,50
65ae0985-512d-4b16-9215-40f1c38a9508,香港中文大学（深圳）,3,0,0,2,21,21,14
2018514e-3ba1-4ad4-a4ba-0ae6c1c3d74e,南方科技大学,3,0,0,1,33,48,35
4a3ac863-b1ce-4ab0-b3c3-e6ec0e1805ce,北京邮电大学,3,0,0,1,32,58,57
df6185f8-75c2-43c1-9dc1-e0f19adb307c,山东大学,3,0,0,1,18,52,46
df0e7795-cb00-4d15-96b4-5f4fd1f1514d,四川大学,3,0,0,1,14,44,51
cab20d63-d3fd-4b4f-afdf-4d3d4e7b8afd,天津大学,3,0,0,1,10,36,38
51cf4b3a-5e0c-481f-bf03-c08e43aac9f8,湖南大学,3,0,0,1,10,18,16
e4c26b2d-3498-478b-8d81-b165332632cc,华中科技大学,5,0,0,0,25,54,40
93b4d131-6f37-4ae5-8f15-2e4e9b9481e7,吉林大学,6,0,0,0,21,49,33
3f0ceb9b-3253-4e4d-a61d-0d4a79644965,哈尔滨工业大学（深圳）,7,0,0,0,17,43,43
c09d7713-b7d5-455d-833f-fd83d52728b7,武汉大学,7,0,0,0,16,51,46
6567654a-f84c-4f14-9a3e-bce74715735d,华东师范大学,6,0,0,0,16,39,33
e99b5aa2-5ede-420d-b4af-716740475bfb,东南大学,6,0,0,0,16,30,31
93cf8988-36cf-481d-bf65-710d6df47e3f,浙江工业大学,5,0,0,0,15,46,56
569eda98-da33-4a2b-9cac-51658fe53c57,华南理工大学,8,0,0,0,14,45,55
7712358d-6af1-4cab-bf68-c1d83336d141,浙江师范大学,6,0,0,0,13,46,50
46aa7f73-1cd1-4df1-9477-f0ae2a67688c,上海大学,5,0,0,0,12,25,42
32be76a2-9416-48a7-a2af-3ded1b1e0326,华侨大学,4,0,0,0,12,5,4
41bef405-d89e-4a2f-bf11-ab343168b745,西安电子科技大学,4,0,0,0,11,44,49
469a3ee0-1469-4a17-b26d-f857a2539fe8,东北大学,4,0,0,0,11,40,41
599c6d1b-e19b-453e-ba3c-3c7ef263c78d,福州大学,10,0,0,0,10,46,52
e967b855-c768-42ae-b69d-243246af9e35,哈尔滨工程大学,5,0,0,0,9,34,44
74a76658-f201-4bc5-bd43-8a6696a403cf,南京理工大学,4,0,0,0,9,28,38
c6a5a737-54aa-440d-b1ec-a2a7038ff4be,武汉理工大学,5,0,0,0,9,14,38
b3e3b649-7916-45c7-96af-ab0720625505,广东工业大学,4,0,0,0,8,23,59
92188e19-0ce8-4e59-9d19-7cb683859b3f,厦门大学,11,0,0,0,8,22,35
c8989f2c-4c80-4431-befa-b5d5677c0bb1,同济大学,12,0,0,0,7,46,43
0d46328b-c01d-4dcd-83a2-c2934a19876e,苏州大学,7,0,0,0,7,27,40
b22215bc-bbbd-439e-8582-46f6ec2335f6,国防科技大学,4,0,0,0,7,25,28
6cb2ec79-24d9-46ab-b8b8-827cef8c6954,北京师范大学,4,0,0,0,7,14,30
b4295b08-7378-4199-940c-1c996e695785,南开大学,8,0,0,0,7,12,30
9f893535-d01f-4010-a09e-e4d6fdbc38a8,西北工业大学,7,0,0,0,6,28,43
de815de8-0c13-44cb-92b9-6ab19f42b89a,中国人民大学,14,0,0,0,6,20,18
94f16374-2db2-4e03-91fe-8c8ccd7f9545,湘潭大学,12,0,0,0,6,14,36
f051024a-ed81-46b1-9881-7bc4d1c7091b,南京航空航天大学,4,0,0,0,6,10,38
72359f96-1eac-4d1f-870d-5fd8a6537ea3,香港大学,5,0,0,0,6,7,14
9c417252-c487-4eae-8822-fcd1e74b9329,大连理工大学,11,0,0,0,5,29,29
c57d01c3-ecbd-4270-8c12-557b8d4035a7,中国科学院大学,7,0,0,0,5,22,23
002e5a8a-3909-4976-865c-6bbe36a2aa9d,香港中文大學,8,0,0,0,5,11,3
512c065b-5f1a-4b36-ab5a-95e5261bbc96,郑州大学,4,0,0,0,5,10,31
e8a4982c-bfe6-457a-8cb2-9c13c860314a,华中师范大学,13,0,0,0,4,25,27
6a8878c8-9728-4775-97b9-20e2b6b1f656,兰州大学,14,0,0,0,4,21,18
70538eaf-d323-4c88-abbc-4e39aa7fef83,杭州电子科技大学信息工程学院,20,0,0,0,4,12,3
e2d598cd-a123-440f-a2c7-fe2764a51995,华东理工大学,11,0,0,0,4,5,11
8d422366-7f51-46e1-9e14-1fdfefb5b175,北京建筑大学,14,0,0,0,4,4,3
5d3ca43f-9443-453e-99c0-e3fd7717c9d2,烟台大学,4,0,0,0,4,0,6
a77ec843-1067-4b67-82ce-a6c382703a11,中国石油大学（华东）,12,0,0,0,3,12,13
5ea87742-e559-4aa6-ac44-f04a07d97d86,湖南师范大学,16,0,0,0,3,10,27
707078ed-b818-4951-9d0b-3bfa941905d1,香港科技大学（广州）,16,0,0,0,3,10,10
a3a98315-eb05-43ae-b8c2-a09c19834d99,香港城市大学,13,0,0,0,3,7,6
3475d364-b579-4ea4-9dd2-4c66683d0129,江西师范大学,18,0,0,0,3,5,13
db8c7492-bd1e-469b-b9ab-9d4c285881ff,昆山杜克大学,13,0,0,0,3,4,2
5d4831be-cf74-4d55-98cd-f3f6cf45409c,浙江理工大学,18,0,0,0,2,30,46
94f6994d-8087-4127-8c9c-a153db360dd7,东北大学秦皇岛分校,12,0,0,0,2,25,45
b896e9bf-2ef5-43d4-82a1-6b89b5b762ba,南京信息工程大学,12,0,0,0,2,22,27
0290c072-88f2-425e-8f26-d492feafc887,哈尔滨工业大学（威海）,13,0,0,0,2,18,28
89d59f62-c1bf-41f6-bb26-e8e0cfb03283,浙大城市学院,17,0,0,0,2,15,40
3e3ab12d-54d7-4552-9ff7-ccd6fa579ca2,浙江农林大学,19,0,0,0,2,15,27
6b6f72b1-b889-4fbc-a154-c0f3386ed101,上海科技大学,14,0,0,0,2,14,14
b8cf2aed-b744-4d9c-b7fa-081370d067ab,香港中文大学,12,0,0,0,2,11,5
ae58760a-81c6-4989-b2bd-662c3e995645,西南大学,20,0,0,0,2,10,12
0828da3a-9f46-467c-95d1-36dbff5b7af6,安徽大学,15,0,0,0,2,8,24
bf9c13bd-f692-4a61-8184-be8698a8e701,山东大学（威海）,18,0,0,0,2,8,20
64a071d7-ce4b-465d-877a-a7ffa103d21b,河南农业大学,11,0,0,0,2,7,12
91fbc3ba-1f86-44f6-a46c-e42f7c05a697,香港科技大学,11,0,0,0,2,5,9
691d815b-7371-48ea-acd5-41cddd1891b8,广东外语外贸大学,10,0,0,0,2,2,9
3df43955-f7d9-43af-9e8f-7547998f70cb,香港大學,11,0,0,0,2,0,0
779e99de-91b8-4e65-a885-716bf0dbf31e,武汉科技大学,16,0,0,0,1,17,22
cb60f46c-0c5b-4f97-a0ba-0d15eff374a5,哈尔滨理工大学,23,0,0,0,1,15,31
71da3621-58b7-4fb3-96a4-724395f08257,河海大学,18,0,0,0,1,14,34
5f05a8d8-7120-4e7e-b3e1-8d526073361d,浙江工商大学,23,0,0,0,1,12,32
088feb28-4a61-412f-8f01-efa08d4c2d57,杭州师范大学,22,0,0,0,1,11,36
7c9e3f92-dcdf-42de-95a7-a7b78a7be16f,东华大学,21,0,0,0,1,11,23
c444b4a3-08af-44e1-b880-55c59e76300f,北京化工大学,10,0,0,0,1,9,22
304ab1ee-d180-4999-9710-f80e949dace6,河海大学常州校区,19,0,0,0,1,9,2
e47d565e-47ef-4901-9b37-465e9e5a5931,重庆邮电大学,24,0,0,0,1,7,25
cdafff7c-853c-44b6-bb53-6013afdd098a,中国矿业大学,23,0,0,0,1,7,22
a36263b9-312d-4889-b51b-483ef8044ad6,中国地质大学（武汉）,16,0,0,0,1,7,15
0d254ecb-a189-4a51-9d89-c952fc73e59f,浙江财经大学,22,0,0,0,1,7,13
0c9949bb-4191-4b91-bd49-ac676824169f,广州大学,19,0,0,0,1,5,25
40f11e0a-0641-4ada-a11f-c949cbd03377,湖南文理学院,21,0,0,0,1,5,11
8af367a3-63bf-400c-9b13-1014ab6c19e8,青岛科技大学,15,0,0,0,1,5,9
3a6c382d-5caa-4929-b907-0174b38d7fa9,贵州大学,25,0,0,0,1,4,9
17dc6229-1395-4c72-ad6f-d3034bb0f054,东北师范大学,17,0,0,0,1,3,30
99766dcb-000a-4ac7-898e-4eef1e855acd,中北大学,23,0,0,0,1,3,12
30f193f2-b775-4a8b-ab87-80deceed96cc,四川农业大学,12,0,0,0,1,3,3
8e86a541-a562-4f48-8d61-1518d20e0699,香港浸会大学,13,0,0,0,1,3,2
24cd1395-c224-493a-986d-cbb3af0fdb69,上海财经大学,29,0,0,0,1,2,11
d0b52062-497a-4547-9364-1eb3077be160,江苏大学,27,0,0,0,1,2,6
2d76a34a-ce81-4834-b9a7-280bcad51290,中国人民解放军国防科技大学,19,0,0,0,1,2,0
8b8b4fe9-5b3a-4fc6-89e6-e12f6060e20d,香港理工大学,7,0,0,0,1,1,5
3cd12edc-d0e3-4810-9116-a6721603e94d,深圳大学,24,0,0,0,0,25,49
00092246-56e7-477b-b427-f373d4f97832,重庆大学,20,0,0,0,0,20,34
a49a1a99-6aa6-41fb-8a9d-e7d9ea9b199c,长沙理工大学,24,0,0,0,0,19,27
de42b1b1-fd13-4705-92cf-d547d73435ff,西南交通大学,20,0,0,0,0,19,25
fe2d0689-d38e-4cef-92e2-26e4f1744f4e,上海理工大学,30,0,0,0,0,17,16
1308e9e2-ecbb-401f-aad0-a679e1fea960,山东理工大学,19,0,0,0,0,13,25
1896694e-97cd-43e8-b2ab-26f018ff51ab,中国计量大学,35,0,0,0,0,11,19
650a8241-7c45-464e-a249-012c7fedbe5a,华南农业大学,24,0,0,0,0,10,26
5b47a589-9491-4ec3-8cfe-01967c4db52e,青岛大学,28,0,0,0,0,10,23
10f2e0f1-ae4d-4aff-91ed-9c6c0ff7f8b0,浙江万里学院,26,0,0,0,0,10,10
ec007713-0821-41cc-848d-ab1467081f58,北京林业大学,34,0,0,0,0,9,15
3801cd6e-5462-43ea-b737-4fcb86a35c77,西湖大学,26,0,0,0,0,9,10
483648cd-00e0-42b8-abd6-b830c48d88b9,中国地质大学（北京）,33,0,0,0,0,8,26
a75a0a4b-1c6e-4843-a4b5-442f00b88743,宁波大学,45,0,0,0,0,8,25
456775f0-7e18-4ffc-89ba-d6943b8f7eb3,浙大宁波理工学院,26,0,0,0,0,8,22
6e99cb39-1c45-4c9b-9ee2-2d4ec353a5b2,南昌大学,29,0,0,0,0,8,18
9ddd2ecf-eaa5-4774-bb9d-507b447c6033,合肥工业大学,29,0,0,0,0,7,15
c779d5e5-36e8-4f9b-b8d4-3d5dbcfddbc7,山东科技大学,14,0,0,0,0,7,10
44ab4578-7acf-4fa7-9a40-3bbc4efb0692,台州学院,41,0,0,0,0,7,8
a3bf3f9c-b80c-4955-a6cd-b2e46b6371ad,西南财经大学,24,0,0,0,0,7,8
60a73209-3af1-4072-a384-41c4388651ed,西南科技大学,18,0,0,0,0,6,29
5e02d4c8-df38-45da-af72-3cdedbca342e,长春理工大学,30,0,0,0,0,6,28
c2bdd3ce-3a6b-48af-8bd0-b3e8631b9347,华南师范大学,29,0,0,0,0,6,27
e0d87aa6-93e7-4d66-831b-51a9a52c5f5d,西北大学,28,0,0,0,0,6,18
e6fdaa20-c8b4-44d3-9d16-ce138cef0b36,福建师范大学,36,0,0,0,0,6,16
56626f2f-77da-4cf1-9d03-a5203eff3805,太原理工大学,26,0,0,0,0,6,13
27ad2bc7-a6d5-4316-922b-e81e55e00b35,西北农林科技大学,37,0,0,0,0,6,13
376a022e-0331-4f82-b881-031db0e26e3b,合肥工业大学宣城校区,28,0,0,0,0,6,12
26b71562-e060-41bd-a3e5-39faab1cdc6a,湖南理工学院,39,0,0,0,0,6,8
834763dd-5120-4f70-9409-9bd25e32ac4b,中国民航大学,43,0,0,0,0,6,6
abdcff52-5aed-4a21-89c1-789b78c3ef72,成都信息工程大学,44,0,0,0,0,5,29
765932f0-18a7-4451-a115-d60347c77714,桂林电子科技大学,20,0,0,0,0,5,23
077f8a8b-9e35-4e16-96f0-abeb145cab14,郑州轻工业大学,39,0,0,0,0,5,18
6d8c75a0-f34e-4ada-910e-d780bfaa854b,西南民族大学,40,0,0,0,0,5,17
355fb338-a373-4666-af09-463df286e246,集美大学,31,0,0,0,0,5,16
73fe96bc-24e6-4938-b127-ed61d060350c,济南大学,22,0,0,0,0,5,12
27b1f058-d7f4-4d93-b8bf-60e466e892cb,湖北工业大学,41,0,0,0,0,5,12
8aa1cba4-6d93-491a-b1e4-7a49ec1d637e,长沙学院,28,0,0,0,0,5,11
e8238168-c282-4f0b-8b57-2e2440517a14,南华大学,44,0,0,0,0,5,9
2d678847-31d9-4029-9b50-f3a5acf3c8bc,中国石油大学（北京）,24,0,0,0,0,5,6
e8c60b52-1b58-41bc-8cbd-bd71ceacb492,中国矿业大学（北京）,31,0,0,0,0,5,6
c8d63910-22a0-44fa-94c3-3530f7405791,齐鲁工业大学,36,0,0,0,0,4,20
5435ffb7-5379-4383-b51f-d6bdb83c3133,北方工业大学,42,0,0,0,0,4,9
c0d1c79a-d572-4731-935c-21594a563a24,燕山大学,38,0,0,0,0,4,9
14ff1747-eefe-490c-b504-d6a189e80cd0,大连海事大学,47,0,0,0,0,4,8
c0353f86-e8ef-4634-9685-2d50c1f3f059,辽宁大学,41,0,0,0,0,4,7
708fe9f0-183f-49cd-821c-579acdae9018,广西大学,51,0,0,0,0,3,22
1e2c6454-f42c-4737-847a-8233f06ca05e,东北农业大学,49,0,0,0,0,3,19
7e071e1b-4b09-4d13-9ff2-f0dc221ce78c,浙江科技学院,35,0,0,0,0,3,18
7214f8b1-674a-4af2-bbd9-3b1890cfd640,江南大学,25,0,0,0,0,3,17
caa4260c-1498-4f76-9758-46e36b0372dc,河南大学,46,0,0,0,0,3,17
841d69ab-b931-4f5f-8b35-c28a94f72704,山东师范大学,40,0,0,0,0,3,15
6d3ec272-0336-4ee6-9ec2-430e83e4a75b,电子科技大学中山学院,30,0,0,0,0,3,14
df4c6eb9-a0b4-4ad0-b0bb-186b8e83f88a,河南工业大学,44,0,0,0,0,3,13
2f2d72bf-0e16-4148-b9eb-5c1bee327eae,北京科技大学,24,0,0,0,0,3,8
b3fea713-7405-4529-a09e-f0e83c0c56f3,南通大学,32,0,0,0,0,3,7
59530863-1036-47c7-afb4-933ce7eff072,福建理工大学,53,0,0,0,0,3,7
c8b4c53c-b51a-4748-903e-b9c1035e43f6,惠州学院,25,0,0,0,0,3,6
9191e3d6-6cbe-4886-97be-fc51c07c630e,河北工业大学,32,0,0,0,0,3,6
8fca4b86-5510-4295-a6e5-0134ca7e9c8c,武汉工程大学,50,0,0,0,0,3,5
b3fa643f-9c1e-46ab-ad99-7875f491f9b4,青岛理工大学,36,0,0,0,0,3,5
d74599e1-996c-40a7-8dfd-d16f5a896161,上海海事大学,38,0,0,0,0,3,2
18408321-8f71-4beb-8e98-8c4185eb4bb2,湖南科技大学,37,0,0,0,0,2,25
9c2b70e9-c596-4e6a-9018-9e79e8fe2345,成都理工大学,42,0,0,0,0,2,12
6edf2f70-01b7-4adf-854f-45663a8ea600,北京工业大学,34,0,0,0,0,2,11
6972a788-7b5b-4661-852c-41b3cbd07c91,新疆大学,41,0,0,0,0,2,11
d9d3b265-1f00-4a43-95c8-ac9959a77bbc,江西财经大学,40,0,0,0,0,2,11
b76c457c-6e87-4b8e-9ee5-e5cb4d3e36bd,江西理工大学,48,0,0,0,0,2,10
0881384c-9d1c-4101-bab7-c7f935c129a0,温州大学,37,0,0,0,0,2,10
5ee46948-5e07-40f5-9fae-77c442c498db,中国传媒大学,23,0,0,0,0,2,9
0c9d15fa-79b7-4a0f-bd53-41dc93153f05,华中农业大学,51,0,0,0,0,2,9
c662bcc8-f4ab-4f2c-b096-9116779ea104,合肥学院,42,0,0,0,0,2,9
98ca5aa9-514e-48d5-9485-13c622ae3f71,武汉纺织大学,45,0,0,0,0,2,8
b8d83d8b-0ef6-411c-95b8-67faf0086427,河南理工大学,51,0,0,0,0,2,8
09137009-1ee5-4197-90ea-183a2a8e84b9,天津工业大学,40,0,0,0,0,2,7
b394b2a2-37d6-4568-a1eb-189afc9d590a,北京理工大学珠海学院,36,0,0,0,0,2,6
79bd1b32-f7ca-406d-af2d-d38d4e61a45e,东莞理工学院,37,0,0,0,0,2,5
40b36f70-2732-4739-8611-d962ec48289c,江苏科技大学,34,0,0,0,0,2,5
9354161d-3bd7-4c5e-8735-3b8c295ecef8,深圳技术大学,62,0,0,0,0,2,5
0cce3a8b-c822-462a-87ef-beda540de4d4,衡阳师范学院,45,0,0,0,0,2,5
b7fa583e-700d-4d87-9113-06b67a0728d0,北京信息科技大学,36,0,0,0,0,2,4
32c17ef2-8e25-447e-af12-6d86270ade8a,重庆理工大学,40,0,0,0,0,2,4
36a71f03-3d8f-409a-97e2-a55436f31f06,哈尔滨商业大学,34,0,0,0,0,2,3
f2b9f226-0d49-4c5b-8b56-2703893a1184,华北水利水电大学,50,0,0,0,0,2,2
57496585-15de-4bc4-8059-c4cdac2359fb,无锡学院,44,0,0,0,0,2,2
e7cd42aa-8c3f-4608-9b5c-5c03524ff379,上海电力大学,48,0,0,0,0,2,1
23bf73d4-4bac-404a-b98d-b851317fcef2,哈尔滨学院,44,0,0,0,0,2,1
7d8fd8bd-f1a5-43bc-9f13-61072bfef9ed,广东以色列理工学院,37,0,0,0,0,2,1
721cce1a-4859-4973-a471-d3a5bbfc6135,江西理工大学南昌校区,48,0,0,0,0,2,1
850e8e52-27e8-47a3-a75b-f52185057d0d,浙江机电职业技术大学,37,0,0,0,0,2,1
84e3d15f-74c5-4595-a9c9-cc35479078ab,南昌航空大学,57,0,0,0,0,1,15
c82ede4b-3358-4c80-9d21-4b5b0d549e48,天津理工大学,29,0,0,0,0,1,13
cfebcbe0-cc72-48c4-a0f2-207171c079c0,中国海洋大学,64,0,0,0,0,1,11
2faec45f-676a-4c2e-b489-c62eb5648b99,鲁东大学,39,0,0,0,0,1,11
464216fb-86c7-4c29-83e1-19be635d8083,东北电力大学,46,0,0,0,0,1,10
4f819b94-9b5e-4fc9-80f8-af43d80976d5,湖南工业大学,60,0,0,0,0,1,10
5efa410a-e293-4e00-8066-e6c4e13261eb,西安理工大学,63,0,0,0,0,1,10
0334ad1d-c63b-4517-a4af-2144396c4afb,浙江中医药大学,42,0,0,0,0,1,8
35261425-76d1-400d-8efc-1cccfa50316d,南京师范大学,41,0,0,0,0,1,7
a35ed017-8766-4d05-a624-c94d8940a82e,南京林业大学,44,0,0,0,0,1,7
3a2d203a-36fe-4c00-9fe4-2281c6de2c4c,厦门理工学院,35,0,0,0,0,1,6
5fe24a7b-5b99-47bc-9179-f3603fc5b00c,成都东软学院,48,0,0,0,0,1,6
f70f21cb-8af3-4180-a9d1-8299a61ce86a,浙江农林大学暨阳学院,63,0,0,0,0,1,6
b07976d1-5bd5-4fcf-8eac-4b5211e89b4a,福建农林大学,38,0,0,0,0,1,5
cbc71d5e-3e48-4f21-99ad-a3bcf9160fe7,上海师范大学,39,0,0,0,0,1,4
97afaa5c-49d1-41b3-ab99-0e21e5259267,乐山师范学院,54,0,0,0,0,1,4
7e991eb2-e1bc-43e6-a442-a579fef2ea36,周口师范学院,40,0,0,0,0,1,4
93a87f8d-4aec-484b-9206-9a7c83fc0e68,海南大学,56,0,0,0,0,1,4
ad11ce1a-c926-46cc-9a01-2b96d7d9b000,绍兴文理学院元培学院,52,0,0,0,0,1,4
d053791d-0b79-4711-ad93-4ab3d59a8034,西南石油大学,48,0,0,0,0,1,4
30a48a7e-c202-4c88-baff-3c73322fff51,齐齐哈尔大学,45,0,0,0,0,1,4
68ee8fb2-05c7-4479-9a1c-5d84a7fbd5ea,宁波职业技术学院,61,0,0,0,0,1,3
d60f0e43-3448-4611-87b2-5e47f3ef2576,武昌理工学院,44,0,0,0,0,1,3
7d5aacda-4587-4dcc-82e9-70d73e3fa2fa,武汉商学院,56,0,0,0,0,1,3
6bb56d08-b60c-475a-b360-4a74cf55208f,沈阳理工大学,50,0,0,0,0,1,3
fc066e89-de05-4cfc-b4b4-10d226d04a89,河北师范大学,52,0,0,0,0,1,3
bf150b82-c531-4625-9ab7-42350162011c,湖南城市学院,71,0,0,0,0,1,3
19ecc9e3-b01e-4fc3-a645-ed78506f9ce1,韶关学院,33,0,0,0,0,1,3
a6097466-574e-4c61-ba44-90feb4d995d2,National University of Mongolia,34,0,0,0,0,1,2
fb55066d-c53a-4ff6-8f2b-a1f4e022da3e,华北电力大学（保定）,49,0,0,0,0,1,2
ddbe8684-7bc2-40a4-9817-8d9e45adf5b1,华北电力大学（北京）,47,0,0,0,0,1,2
754ca721-2353-43e1-b0ac-5d2951f11e70,安徽工业大学,74,0,0,0,0,1,2
2c848fe7-96cc-4ee6-bc8d-e97ee0099eb5,广东财经大学,50,0,0,0,0,1,2
b70a4683-713c-4e43-a77c-2ea5d3522f6e,佛山科学技术学院,50,0,0,0,0,1,1
35600514-acef-4052-9f5e-4ff3b8f99c3d,宜春学院,25,0,0,0,0,1,1
32c98278-1b66-4bf3-a5e4-c2af1ba1b78f,广州中医药大学,45,0,0,0,0,1,1
91665dcf-d479-4282-8055-52624787feaa,江苏理工学院,34,0,0,0,0,1,1
304ca839-dc99-4ef9-b922-7db5e56de4f6,New Mongol Institute of Technology,27,0,0,0,0,1,0
27366651-5476-4be5-bfc7-59dff100ab5f,t州电子科技大学信息工程学!,53,0,0,0,0,1,0
bb26e83a-29cd-4476-8d26-9d9287f506df,上海海洋大学,59,0,0,0,0,1,0
feed011a-98e6-4320-b1ad-738212e26c2d,中国石油大学(北京),64,0,0,0,0,1,0
b0f7e599-14ed-4d54-a66f-a488e270ac9b,信阳师范学院,34,0,0,0,0,1,0
5f83cec5-64cd-4ca2-92f1-2d38a78e234e,四川大学锦城学院,58,0,0,0,0,1,0
888c7bef-82e1-4c6f-8c37-1b9c01af3e51,长安大学,57,0,0,0,0,0,13
70ab52da-4c15-42ee-a54b-7765ca64c6d5,吉首大学,54,0,0,0,0,0,12
dce3093a-12f1-4f12-a6fe-50eaa1b7eb3e,南阳理工学院,56,0,0,0,0,0,11
ba4353b7-09fb-4ff3-bfc2-d28933887f83,中南民族大学,77,0,0,0,0,0,10
e6679713-ef18-422a-be6a-e3d65dadc378,常熟理工学院,55,0,0,0,0,0,10
9805ab80-1143-4fbd-b651-cc66a96427d7,黑龙江大学,49,0,0,0,0,0,10
7fdafee0-e7e1-4f9c-8f8c-077cf5c37c8c,临沂大学,61,0,0,0,0,0,8
a4518a72-4fae-4e4d-bea3-f86c52f7761a,北华大学,54,0,0,0,0,0,8
3ed0b4cc-3d8e-4a1b-871f-87dc0562ab01,东北林业大学,66,0,0,0,0,0,7
57094c93-fd22-4a7d-bbc5-6a45dc802fb2,云南大学,73,0,0,0,0,0,6
b396ec43-37ae-495c-bf00-c5309f4580da,华东交通大学,69,0,0,0,0,0,6
93cdfcd2-bbb3-4c54-8922-ce487f3d1192,大连大学,65,0,0,0,0,0,6
d65339d6-91b4-4d5c-b3f5-364e366e10b1,天津仁爱学院,55,0,0,0,0,0,6
1e0f742f-6135-4f4a-8c57-c01e1c2fbbae,广东工业大学揭阳校区,53,0,0,0,0,0,6
fce4571d-b9f6-4fa3-8a19-bf71308fc670,战略支援部队信息工程大学,53,0,0,0,0,0,6
bdaea62a-d519-4175-b5cd-dda8c7906e70,浙江科技大学,62,0,0,0,0,0,6
c1af421c-db3d-4796-a7b7-e6ea0b95f963,浙江育英职业技术学院,55,0,0,0,0,0,6
9ab407f0-4b7d-4f65-9350-293618370fd3,湖南农业大学,81,0,0,0,0,0,6
5cd1ffe6-e5ed-468e-b7a3-a0ed9ded9a33,四川师范大学,58,0,0,0,0,0,5
72627b20-1008-43fd-8d00-1243829b97f7,浙江工业职业技术学院,60,0,0,0,0,0,5
917c2bbd-bc0f-4094-96fc-d43c32cf4982,绍兴文理学院,81,0,0,0,0,0,5
f254d9d1-f24c-4323-972f-5302e1555973,西安邮电大学,89,0,0,0,0,0,5
dae5b2ff-88aa-4363-9cbb-a70e7567785a,闽南师范大学,61,0,0,0,0,0,5
2edd0105-7280-497d-84bd-2a4d69d9479b,东华理工大学,87,0,0,0,0,0,4
2d18e8a2-9e7b-4714-9f85-7992d7db60f3,南京工业大学,98,0,0,0,0,0,4
0f92c7e9-0350-43e1-b497-48afac8f0e75,厦门大学嘉庚学院,57,0,0,0,0,0,4
c7c2743f-a407-416b-ab69-fa53a44cfdaa,嘉应学院,86,0,0,0,0,0,4
32bd75b9-aab4-4cb9-b2fc-7c45bf46390c,宁波工程学院,66,0,0,0,0,0,4
242dc5b0-8769-4b4a-a358-d8fbfee5d752,安徽农业大学,77,0,0,0,0,0,4
1294a9b6-6ba7-4cba-81e2-dc4f9db959d1,山东财经大学,62,0,0,0,0,0,4
0cd0525e-9aed-482a-a2f9-912340cf7e8e,山西大学,61,0,0,0,0,0,4
14ac1b94-7bb7-4d2e-97ef-2458899be63d,沈阳航空航天大学,80,0,0,0,0,0,4
18fc52f7-f37e-4289-bfc4-98f4954bf353,莆田学院,71,0,0,0,0,0,4
c7edf0c2-3e4a-42f3-8d46-9740b908f9d9,阜阳师范大学,67,0,0,0,0,0,4
77fe63fd-4b82-45f0-be2c-3db09e934075,中国人民解放军战略支援部队信息工程大学,53,0,0,0,0,0,3
8ecdee38-bb05-4a49-ba85-d4aa25dadb40,华北理工大学,73,0,0,0,0,0,3
2f01d39d-e788-4b5a-891e-2a62ca1b822e,南昌理工学院,91,0,0,0,0,0,3
d9f75e23-465c-4595-9947-2b06c483b248,大连理工大学盘锦校区,101,0,0,0,0,0,3
63480e19-a4de-4c59-a88f-f2a5b4061e59,山东农业大学,68,0,0,0,0,0,3
6f074161-0538-4c36-abf7-85aca1dac589,常州大学,91,0,0,0,0,0,3
784376d0-d916-454f-a7c6-11bae0db6587,广东技术师范大学,86,0,0,0,0,0,3
36804361-f1a3-47ef-bd3d-8f7bd9a12c63,广西师范大学,83,0,0,0,0,0,3
a60aeb66-ceef-4a9b-9443-5708e09742ef,昆明理工大学,65,0,0,0,0,0,3
0a5dd10e-cd41-4091-b3a3-def20d373f5b,江西农业大学,110,0,0,0,0,0,3
39842d95-1f4b-4cab-99d5-0ed680b233e7,河南师范大学,63,0,0,0,0,0,3
0009b6bd-17f9-4255-921d-9f3609cc018c,浙江广厦建设职业技术大学,94,0,0,0,0,0,3
6a6168dc-1e4b-4306-9f93-bada7a73cd21,浙江机电职业技术学院,80,0,0,0,0,0,3
13f18ee8-7022-46a1-8342-4fb9ef9228d9,深圳北理莫斯科大学,77,0,0,0,0,0,3
80c3e763-8e7b-45cc-a269-bffc73b8e0f4,湖南警察学院,91,0,0,0,0,0,3
bf635172-08c1-44a5-bf96-35f251d6d7a3,湖州师范学院,81,0,0,0,0,0,3
9637c0e0-3630-4f4d-b7a4-088f36217abd,福建工程学院,90,0,0,0,0,0,3
17315647-128e-4341-9c29-82a81b2dbd70,肇庆学院,78,0,0,0,0,0,3
bdc67d47-81f3-4ce6-911e-51661d8cfe28,苏州科技大学,76,0,0,0,0,0,3
f0384348-4bff-4520-bdec-8ecb1fb81564,陕西科技大学,107,0,0,0,0,0,3
9681e998-6ddc-498f-a09c-d58a3bd5443c,上海电机学院,92,0,0,0,0,0,2
e87b54b3-fa89-4462-b665-fe8f0cb9ae58,上海纽约大学,80,0,0,0,0,0,2
792079db-b8cd-4309-a24b-c906ebae6adf,中南林业科技大学,103,0,0,0,0,0,2
1c26ba1d-c78f-4dd2-8c38-808cf7f3bf87,中原工学院,71,0,0,0,0,0,2
87bf6bc2-4d4b-463f-bdda-5ccde4692927,中国计量大学现代科技学院,85,0,0,0,0,0,2
d8386ee5-e6fa-488e-beda-d6661ca5d23b,信息工程大学,109,0,0,0,0,0,2
9e9683ba-b404-46b8-b1df-de7399d50499,内蒙古大学,98,0,0,0,0,0,2
0a3f4882-2791-49f9-b539-4a1da51dcb66,宁波财经学院,111,0,0,0,0,0,2
69e03cad-9642-47e5-9324-15d2e6097b8c,安徽工程大学,98,0,0,0,0,0,2
5a4937ea-2483-4d8f-b8ff-7a6169148b1c,安徽理工大学,84,0,0,0,0,0,2
7511b0ca-8084-41bc-9324-8b6188d68a8a,安阳工学院,69,0,0,0,0,0,2
ef296117-e0af-478c-b622-cb14bc6d2efa,山东大学（威海),79,0,0,0,0,0,2
ad32e226-b9f7-46c6-92a1-5ced76e531a4,广东金融学院,61,0,0,0,0,0,2
9bdb1066-36dd-4d53-827b-fbbb7a25c4f3,广州城市理工学院,68,0,0,0,0,0,2
8610dc98-1077-484e-8b81-bd8879926b65,广西外国语学院,40,0,0,0,0,0,2
3d4703a0-71f8-40bd-b7ba-b448735727c0,怀化学院,56,0,0,0,0,0,2
3960ba79-688d-401a-9b9c-49e7680f5fab,汉口学院,58,0,0,0,0,0,2
8fffeaab-317f-481d-9fb7-f2946dfbe86d,沈阳化工大学,110,0,0,0,0,0,2
8038e021-8265-43fe-827c-6f7783a0e3ec,泉州师范学院,95,0,0,0,0,0,2
16439ceb-3d6f-423a-8ef9-36ab41b43836,湖南工学院,89,0,0,0,0,0,2
ce98b47e-da52-4680-a997-57d0044c7c07,湖南科技学院,70,0,0,0,0,0,2
e8fec834-2ece-49cd-abc6-ff9f734f9720,盐城工学院,92,0,0,0,0,0,2
6823b2ad-c230-4cd5-b04d-b0dc021e4ba2,石家庄铁道大学,82,0,0,0,0,0,2
aa4ddcca-0d8c-47fb-b68f-1da38a936c96,西华大学,46,0,0,0,0,0,2
f9fbfb51-36e9-4883-a071-b1e4d96447b0,西安建筑科技大学,103,0,0,0,0,0,2
514dd84a-d26f-4294-955e-fb4d46ebd6af,金陵科技学院,80,0,0,0,0,0,2
7ac6d856-b1dd-4764-b0a2-ee512289e3a4,三峡大学,67,0,0,0,0,0,1
2b8e570c-8dcf-4972-8523-6c85eb25b737,上海应用技术大学,96,0,0,0,0,0,1
f0a25771-fdf3-46bf-a8ba-2ebca132c6be,上海第二工业大学,96,0,0,0,0,0,1
c51a30ab-ae05-4448-85dd-0c01aa46f252,中国农业大学,122,0,0,0,0,0,1
a5e88a4d-61e0-4d4a-9e1c-21163624cd24,中国地质大学(北京),88,0,0,0,0,0,1
3b666587-df3a-46a6-b9de-959b7af35fc9,中国地质大学（武汉),121,0,0,0,0,0,1
991c4494-2d8d-434b-92da-621bf5ff7171,中央民族大学,113,0,0,0,0,0,1
bd150c2c-ddf1-47ea-ae74-63eb000ed24d,井冈山大学,95,0,0,0,0,0,1
04db4725-4dd0-477c-8322-9a2762ad2363,仲恺农业工程学院,61,0,0,0,0,0,1
3bb79746-5b12-4219-b4c9-e78301c921d7,信阳农林学院,134,0,0,0,0,0,1
260887dc-8ccb-4143-ad7c-a7937819712a,北京交通大学（威海）,42,0,0,0,0,0,1
c72a749b-643c-48a8-a0fc-5ea0473f0a77,北京师范大学-香港浸会大学联合国际学院,43,0,0,0,0,0,1
9fde30a5-f781-42f9-9bab-8b08b344b482,北京师范大学珠海校区,83,0,0,0,0,0,1
92d7d760-fd7f-4363-93fe-dfb53417b38d,北京联合大学,115,0,0,0,0,0,1
ba989a52-61a6-4f0e-938a-a4a35b3d364f,华北电力大学,50,0,0,0,0,0,1
ce769435-f59a-4005-bb20-2c87e4840f5c,南京农业大学,125,0,0,0,0,0,1
078c67ee-7568-4cf4-9718-140145353dfd,南京工程学院,109,0,0,0,0,0,1
6540b845-0c58-4fff-b0d1-dfed52aac4c4,南京邮电大学通达学院,135,0,0,0,0,0,1
915c1a07-9d67-4c0d-88a3-4a52fadc92ab,合肥大学,113,0,0,0,0,0,1
9719e9a7-5155-4ee5-8fa1-0e316cb3d2f7,哈尔滨工业大学（威海,102,0,0,0,0,0,1
8ba5490a-d008-40db-bbca-aef452ec0703,哈尔滨理工大学（威海）,105,0,0,0,0,0,1
45ca8f0d-4c56-4baa-897d-70e42aae00d6,宁夏大学,134,0,0,0,0,0,1
1317c9df-9f77-44a8-86fb-c0a2b9633f7c,山东建筑大学,108,0,0,0,0,0,1
a8289dd0-3c4f-487e-84fc-94b19647d21e,平顶山学院,105,0,0,0,0,0,1
dd2f4580-d626-42f0-b5cd-c9a42110e159,广州华立学院,102,0,0,0,0,0,1
8998bf58-c8d6-41a2-b362-05553e0634f4,广西科技大学,91,0,0,0,0,0,1
990b96c4-1430-4b42-a5ad-d66f340a4091,徐州工程学院,77,0,0,0,0,0,1
0af5c751-964b-41e3-8bd5-08e9c405627b,成都大学,82,0,0,0,0,0,1
6393d8fe-095b-48e0-8d4e-a22b41afcf55,成都锦城学院,90,0,0,0,0,0,1
108f1e9d-8ef4-4eaa-81b2-383e65cf1b7a,扬州大学,101,0,0,0,0,0,1
8bfb57ec-9253-4d71-85ee-b7a706b957ce,曲阜师范大学,99,0,0,0,0,0,1
c1cfa330-3295-49bd-9b02-8626d7104246,杭电信息工程学院,74,0,0,0,0,0,1
25edcbb7-582c-4f25-9e1e-0798a3c15402,武汉轻工大学,113,0,0,0,0,0,1
3ff5ba5a-bad5-4f0d-ba6c-328d90df5a1f,沈阳师范大学,56,0,0,0,0,0,1
f5a665d6-c59c-49b5-8309-67a320a2bec0,河北大学,103,0,0,0,0,0,1
734b2fee-aa3b-4f76-9e56-d541af01fae4,河北工程大学,99,0,0,0,0,0,1
0bbc8cc0-2ca0-4d2d-8cd7-983126a144e7,河北科技师范学院,96,0,0,0,0,0,1
f4740567-ffa6-44ae-8362-45e0a41309dd,浙江大学宁波理工学院,64,0,0,0,0,0,1
75c20723-6824-4a11-8120-fb9ceb99396f,淮北师范大学,70,0,0,0,0,0,1
a4de988d-fda9-4207-b349-7ee8c8e387ba,深圳职业技术学院,77,0,0,0,0,0,1
51ff01aa-3759-4a36-9c82-77c795499125,湖北中医药大学,61,0,0,0,0,0,1
b0354024-d722-449f-8e2d-05b688ce804e,湖南中医药大学,84,0,0,0,0,0,1
02e03914-656c-472a-9dab-d20fb3e33cbf,潍坊学院,90,0,0,0,0,0,1
bc65dc9a-757d-4e13-8923-6869ee6869dc,澳门大学,63,0,0,0,0,0,1
7d0db81a-fb08-438e-8fe1-ba411ec334d8,珠海科技学院,73,0,0,0,0,0,1
c5eb1931-6da6-4e14-973d-99d7582b6969,西北师范大学,71,0,0,0,0,0,1
ddf3401b-fff1-4aa5-88b9-90d5130dcb6d,西安工业大学,93,0,0,0,0,0,1
c2e78329-ec57-4329-9ca0-32c26488cb42,西安欧亚学院,95,0,0,0,0,0,1
fc6e9f1a-0ef5-4d2a-a56a-295d14da2d8b,辽宁科技大学,110,0,0,0,0,0,1
f2341994-2745-4c2a-9473-3e5c8eb25d45,邵阳学院,103,0,0,0,0,0,1
f473f3cf-d3df-4654-aef1-47b888ddb255,重庆工程学院,81,0,0,0,0,0,1
c6c95a4e-ca3b-4e09-bec2-6f80a566b993,重庆移通学院,87,0,0,0,0,0,1
29c2eca2-7f44-4ee7-8644-00c90ae3bcb9,金华职业技术学院,72,0,0,0,0,0,1
b6914e1f-940c-44ca-a1ce-6675c362439b,长春工业大学,93,0,0,0,0,0,1
12475a80-502e-47fb-a8b3-b64a3d8ecc5a,阿坝师范学院,63,0,0,0,0,0,1
eb08655d-06fa-4700-a2ef-8283a81f301c,陕西师范大学,136,0,0,0,0,0,1
8a637e94-c956-44c4-b1f2-d532a967b903,青岛农业大学,100,0,0,0,0,0,1
f6e2b4a1-fd9b-49be-b9e8-b399f4de7934,韩山师范学院,61,0,0,0,0,0,1
af123096-f655-4a39-bd11-ed778f1f311e,龙岩学院,146,0,0,0,0,0,1
11b28ed5-681a-4e96-a53a-3a062221b651,---,195,0,0,0,0,0,0
f9bd3b1a-75eb-4cd4-a3b6-bca9ec916881,Mongolian University of Science and Technology,109,0,0,0,0,0,0
3fa71fe8-d41e-40b1-a8d6-81f09b547084,OpAn eI,,0,0,0,0,0,0
bbafcfa4-9f7a-41cd-8640-270dc1bbfabf,SSerxhs,,0,0,0,0,0,0
0ab7bebd-35ef-4d09-a0cf-8fc9343bf60c,Themis,,0,0,0,0,0,0
d402cfcd-d2d7-401d-9313-a9f834702a73,Universal Cup,,0,0,0,0,0,0
ffe778e7-ce1d-4cf9-9cd3-d25b93435585,www,264,0,0,0,0,0,0
1d9d1438-8052-44fd-b42c-bec244c82213,一汽红旗,,0,0,0,0,0,0
5b9d2414-ea0a-434b-bbc6-cb5fcb3cab65,三明学院,150,0,0,0,0,0,0
a1a26b2f-98c8-48e1-8f4b-7b5f6ff94311,上海交通大学附属中学,,0,0,0,0,0,0
136209db-7f7d-4c84-ac32-23574bd399ce,上海商学院,253,0,0,0,0,0,0
49486b5c-cd17-416d-a152-68f8019afb2d,上海外国语大学,242,0,0,0,0,0,0
0403c2bd-eafe-4555-8506-4fa34ffc7109,上海外国语大学附属外国语学校,,0,0,0,0,0,0
51783c7d-e7d9-4d24-8d5a-670247431fc5,上海对外经贸大学,156,0,0,0,0,0,0
5f4c42c9-93e3-4340-971d-dcfa169960e0,上海市七宝中学,,0,0,0,0,0,0
2e5a75aa-2b18-4989-ae65-9d71ffaeb1dd,上海市控江中学,,0,0,0,0,0,0
bf4489db-e645-44e4-8cd2-949eea022069,上海市曹杨第二中学,,0,0,0,0,0,0
bb80df77-0e91-4c6a-95f3-1b852db66774,上海市格致中学,,0,0,0,0,0,0
e3ecccc0-baa6-4d76-92d9-f5a314de4372,上海市进才中学,,0,0,0,0,0,0
84abfe9e-e06a-455e-adb1-0ddfa7d8ea11,上海建桥学院,112,0,0,0,0,0,0
9cd01384-1055-4516-a030-b387a47e59be,上海楷登电子科技有限公司,,0,0,0,0,0,0
fd707f25-908e-406e-831f-bdccd4cae30d,上海立信会计金融学院,114,0,0,0,0,0,0
7089156e-0097-4a90-8327-2e4c4e9f4b41,上海西南某校友会,,0,0,0,0,0,0
f505ea4a-b08e-495e-b17b-6e434e945690,东北石油大学,162,0,0,0,0,0,0
fcdf2a7a-3922-49b3-aba6-cdeae34c3832,东北育才学校,,0,0,0,0,0,0
808d7092-856b-40f9-92fb-e33227f8f2fd,东南大学成贤学院,207,0,0,0,0,0,0
1a8624b4-1be7-49ef-93e9-2d39b64e9ab1,个人,,0,0,0,0,0,0
e3ffbb1d-4968-42e7-9312-35f7e454d795,个人参赛,,0,0,0,0,0,0
0db2e894-8d74-44f3-81eb-f5748b0eaff2,个人联合参赛,,0,0,0,0,0,0
639f8fe6-c603-46dd-8b0b-bba6b5f7ded8,中国人民警察大学,123,0,0,0,0,0,0
1afdb0d5-2730-4584-ab07-ce66572c8868,中国石油大学胜利学院,225,0,0,0,0,0,0
86dcb715-038f-466c-b21d-c88754dfe4ba,中国石油大学（北京）克拉玛依校区,146,0,0,0,0,0,0
73319de1-12b8-4ada-9697-001a136a35e5,中国矿业大学徐海学院,124,0,0,0,0,0,0
275ed33b-8bec-4b1f-b1f2-e38749465fab,中央财经大学,283,0,0,0,0,0,0
7c344ac0-b2ab-455c-aa7f-507f9b8fb923,中山大学新华学院,255,0,0,0,0,0,0
a94d2ee5-3818-4c28-8077-1f6f534e8ad6,中山市中山纪念中学,,0,0,0,0,0,0
a6055bba-1032-4166-b5f8-7dfa663dc1e6,中山市中山纪念中学·,,0,0,0,0,0,0
05636d9c-8fb6-43cb-b2d4-cebf070aa1ef,中山职业技术学院,117,0,0,0,0,0,0
24d85d1f-59d6-4851-af60-6a6e31a03a6f,中雅培粹学校,,0,0,0,0,0,0
fc6bc725-5d60-43d4-b6b5-35f39c315f53,临沂商城实验学校,,0,0,0,0,0,0
7dafbf09-c96d-4685-b6f9-1cde8a090c10,丽水学院,210,0,0,0,0,0,0
948c10c5-913d-46ab-979d-b6f8e1c9d78c,九江学院,259,0,0,0,0,0,0
f4badde9-9848-4bab-a5cb-3140398d1b1f,云南师范大学,265,0,0,0,0,0,0
43608faf-fe55-44d8-aac9-f4b1197be3bc,云南财经大学,270,0,0,0,0,0,0
3f95d415-ed86-4acb-9425-e6e5810d8ac7,五邑大学,141,0,0,0,0,0,0
cf2d6ce2-5a29-469c-9304-ca6790093701,亦赋量化,,0,0,0,0,0,0
15eaa11d-194b-445b-a613-c789e2fe61bc,代码源,,0,0,0,0,0,0
c3187b2b-a11b-429e-bdeb-fe5d674be0e4,代码源+,,0,0,0,0,0,0
4c9edfe9-18ec-45e1-8eb4-27e08aeebb48,佛山大学,251,0,0,0,0,0,0
734b5257-cef2-47a4-986c-6d5fb3094ff3,佛山市南海区石门中学,,0,0,0,0,0,0
b8c0227c-866b-426c-b9e0-a55655fcf0a4,佳木斯大学,264,0,0,0,0,0,0
da676f9a-4934-4a48-9793-e93715c7aea3,信阳师范大学,140,0,0,0,0,0,0
bb4c697b-be52-43b8-a04d-30df02e31d01,兰州理工大学,209,0,0,0,0,0,0
615cd3c1-c18d-4d5d-9cbc-d5c3dce18e58,内江师范学院,270,0,0,0,0,0,0
c2294d8a-d6ce-4383-824c-9e8b1cecffb1,内蒙古农业大学,153,0,0,0,0,0,0
852cef15-2a5c-40fe-bba0-bec3bca98140,内蒙古农业大学职业技术学院,145,0,0,0,0,0,0
9545ef5a-c9e2-40b6-bfb1-750724e70344,内蒙古师范大学,139,0,0,0,0,0,0
59d60f88-6b1a-4478-a2b7-713c6cee3775,内蒙古民族大学,178,0,0,0,0,0,0
e9b9fc07-28a2-476e-b19a-ee18cc8f8234,内蒙古电子信息职业技术学院,144,0,0,0,0,0,0
f2d944b4-4923-4326-b50b-0e89713e7780,内蒙古科技大学,258,0,0,0,0,0,0
26b7ced5-c139-4455-b08c-9b0373a41047,内蒙古科技大学包头师范学院,177,0,0,0,0,0,0
378732a1-3024-482e-88d9-612dec95bb77,内蒙古财经大学,205,0,0,0,0,0,0
c3d345cc-1080-4ce3-98fd-35dbf521f0a3,北京交通大学威海校区,117,0,0,0,0,0,0
2bb3f805-7319-4a58-863b-461c9b3e6ad3,北京农业职业学院,242,0,0,0,0,0,0
2d71f41f-e5ad-4c48-831e-1876a4dd9c35,北京印刷学院,90,0,0,0,0,0,0
4823d10c-baba-4bb4-8260-e608af31ef1c,北京大学附属中学,,0,0,0,0,0,0
411c0874-31cc-4500-95c3-a425a15d162e,北京市十一学校,,0,0,0,0,0,0
69a9351a-e095-4b3c-a020-0f65f15bdefa,北京市第八十中学,,0,0,0,0,0,0
4c042f09-7317-4da5-863d-274b3fc39a12,北京市第四中学,222,0,0,0,0,0,0
768a1a9d-97f0-455c-9159-34c6d87a5156,北京师范大学附属嘉兴南湖高级中学,,0,0,0,0,0,0
69a7c8ea-f8ef-47c9-96e8-b7b8a1ee294c,北京师范大学香港浸会大学联合国际学院,157,0,0,0,0,0,0
611fb81c-32da-4445-970b-a12d69e47039,北京电子科技学院,199,0,0,0,0,0,0
1b6ef9dd-dd26-4d29-8a80-bd2d1fda6e68,北京石油化工学院,214,0,0,0,0,0,0
85401d9d-6d81-4e62-97f4-c40bec5ab40f,华东师范大学第二附属中学,,0,0,0,0,0,0
329c9851-4414-4f80-8c0a-529c5d3b246d,华为,,0,0,0,0,0,0
8bd0d38a-2d24-460b-ae82-06c74e237540,华为公司,,0,0,0,0,0,0
e7bfb9d7-efa3-41cb-835a-b53e1a301189,华为技术有限公司,,0,0,0,0,0,0
d538923f-2e21-4853-894e-35b98baf58ae,华北理工大学迁安学院,171,0,0,0,0,0,0
b40d5cb6-d093-42fa-b7a6-ba74d7606f56,华北科技学院,170,0,0,0,0,0,0
02d15f11-b41b-4399-b00c-25e630145c72,华南理工大学广州学院,188,0,0,0,0,0,0
dbdaf46d-69f7-4196-a63d-c4d66c49aeb7,南京外国语学校,,0,0,0,0,0,0
c6135983-d191-4a28-a717-4c3af7b104cc,南京大学金陵学院,214,0,0,0,0,0,0
2f802827-09e1-4624-b2e2-8967a5e28ebe,南京工业职业技术大学,161,0,0,0,0,0,0
b0ac7446-1291-4d68-9254-7dddb24fe554,南京市金陵中学河西分校,,0,0,0,0,0,0
0741e026-208e-41d5-aae4-e3b2d0d64474,南京晓庄学院,126,0,0,0,0,0,0
3ca9569c-76cb-49d8-8856-94791589974a,南京理工大学泰州科技学院,157,0,0,0,0,0,0
88183238-f8df-4b21-9578-82ff29afb77a,南宁师范大学,155,0,0,0,0,0,0
027eaf19-2a15-414d-b36e-dd507e15810f,南昌师范学院,138,0,0,0,0,0,0
6aa8c63b-8ad4-48bc-a554-7deadd212d5b,南昌职业大学,202,0,0,0,0,0,0
f4aea1a1-4d2d-40b5-8ec9-f762d83aee4d,南通师范高等专科学校,241,0,0,0,0,0,0
63205e85-d333-4d71-bb70-c0b96ea59e08,南阳师范学院,100,0,0,0,0,0,0
b509ab30-00cc-4dba-902b-255c7f632c7e,原神大学,,0,0,0,0,0,0
4fd823b6-d907-4bf8-aa96-85c88848bb5c,厦门双十中学,,0,0,0,0,0,0
92cb2340-3ea8-4f29-a4b4-d30d7b13d7d2,厦门大学马来西亚分校,92,0,0,0,0,0,0
31454a28-4871-4c0e-bd93-dc96e1798a5c,友情参赛,,0,0,0,0,0,0
d0dcbba5-382b-41aa-b531-f5723af52ff8,可达鸭编程,,0,0,0,0,0,0
823c461c-4a57-4d77-97fb-7a6d00b4011c,合肥一六八中学,,0,0,0,0,0,0
27f75fdf-b494-4d7f-92c7-6204841a9761,合肥市第一中学,,0,0,0,0,0,0
908985b8-9b56-47ab-8cff-6055d7d1dd48,吉利学院,149,0,0,0,0,0,0
3afc5f0e-416e-45ee-8b3c-57d664b1d934,吉林师范大学,130,0,0,0,0,0,0
6b7e018b-dd3b-4cf5-a267-9f6c5c24273c,吉林建筑大学,152,0,0,0,0,0,0
f1ba3b0c-54e2-447b-8f92-15849ffaa28e,名之梦（上海）科技有限公司,,0,0,0,0,0,0
6f51d33e-0dc7-4fb3-9958-6b4848b5a030,吕梁学院,278,0,0,0,0,0,0
fb63f755-0d74-44b0-be12-f557c2850284,咕果公司,,0,0,0,0,0,0
8eeeb594-3d6b-4299-a758-30771f235664,哈尔滨信息工程学院,269,0,0,0,0,0,0
4752f7a0-706b-48fd-8d7a-17f331c18f3d,哈尔滨华德学院,148,0,0,0,0,0,0
1f1a170a-6329-4e2e-a169-d80b3d17e1f3,哈尔滨实验小学,175,0,0,0,0,0,0
a9a673dd-ca32-4ea0-8a68-23eb453873ae,哈尔滨工业大学（深圳>,,0,0,0,0,0,0
e0307384-e4ed-479c-9f9a-656bd8852f65,哈尔滨师范大学,146,0,0,0,0,0,0
748fc80d-b829-4e91-abd0-4f725d1482ec,哈尔滨理工大学荣成学院,187,0,0,0,0,0,0
6ed174f4-4032-4873-8dc2-6646e62332ac,哈尔滨理工大学荣成校区,139,0,0,0,0,0,0
9430c818-3b03-4ef5-884a-9d3720381aa6,哈尔滨理工大学（荣成校区）,264,0,0,0,0,0,0
0c616d65-0c24-41c1-85e4-d778884cfdec,哈尔滨理工大学（荣成）,136,0,0,0,0,0,0
fc675aa2-042f-49d9-842a-e092fdc75699,唐山学院,144,0,0,0,0,0,0
8e7b039b-b292-49da-b4e2-2fc34b29d30c,嗨鸠科技,,0,0,0,0,0,0
7590dd41-0202-4abc-b541-013a534449da,嘉兴大学,149,0,0,0,0,0,0
44e111fa-f350-4fec-869a-58f7f14b940e,嘉兴学院,129,0,0,0,0,0,0
1fe02bc8-1187-4e3f-9503-2c57f9897cf6,嘉兴职业技术学院,111,0,0,0,0,0,0
c3dacd48-d673-4f75-97a2-19864bcece15,四川信息职业技术学院,110,0,0,0,0,0,0
1ed42e3a-6c51-486c-9457-53bc5d034f9b,四川省成都市树德中学,,0,0,0,0,0,0
988f50f4-87b3-497c-923b-cde826b1a111,四川省成都市第七中学,,0,0,0,0,0,0
174cac5b-13fb-476b-8b54-5a8eec0b171c,四川轻化工大学,102,0,0,0,0,0,0
72d73101-1edc-47c6-9b08-b65dd9ea2090,国际关系学院,270,0,0,0,0,0,0
5fcc6749-b923-48ba-9936-509e923b6ec0,外交学院,143,0,0,0,0,0,0
13711269-d338-4211-9672-36e78c853024,大庆师范学院,,0,0,0,0,0,0
559716f4-0813-4ffd-a25f-4a5a983a7292,大连东软信息学院,139,0,0,0,0,0,0
108e74d4-52ac-4489-a496-e2b3dfc77677,大连外国语大学,166,0,0,0,0,0,0
f638ddac-dec9-481a-9981-5ad1bd2baf50,大连市第二十四中学,,0,0,0,0,0,0
471f65d0-a2d6-4d28-8e41-953c356bcea9,大连理工大学(盘锦校区),191,0,0,0,0,0,0
01ba04b9-5c75-4e1c-a497-19664037b74d,大连理工大学城市学院,124,0,0,0,0,0,0
6acc2d1f-a23d-4ed3-ada9-10b22b666153,大连理工大学（主校区）,119,0,0,0,0,0,0
84d98551-c54e-43b6-8c79-662ca3105687,大连理工大学（盘锦校区）,179,0,0,0,0,0,0
dfd58fd0-ede2-4793-a3fa-7e128999f699,天元公学·杭州蕙兰未来科技城学校,,0,0,0,0,0,0
d977b94b-fcaa-4bb8-aff1-8b1bc64cfd2c,天津商业大学,152,0,0,0,0,0,0
653cd378-0ec3-4ff4-bc74-01e88de9774c,天津大学仁爱学院,92,0,0,0,0,0,0
5b9cd2e6-f834-4ffb-af6c-4c87b656e13d,太原科技大学,89,0,0,0,0,0,0
b7234e02-6635-4430-ba03-199a9c884d11,威海市实验高级中学,,0,0,0,0,0,0
09613702-10fe-47fd-89f4-3d9cc6a241c0,字节跳动,,0,0,0,0,0,0
e53be6a2-0698-4918-9323-aa1c995b635a,宁夏理工学院,266,0,0,0,0,0,0
e33e0c6a-51a1-4932-b013-1abefb82e771,宁波市效实中学,,0,0,0,0,0,0
0475b86f-ada6-4b19-bc24-addb3d6b2bd6,宁波市镇海中学,,0,0,0,0,0,0
ea4ab36f-de51-4187-b60b-3e23617fc64f,宁波诺丁汉大学,179,0,0,0,0,0,0
204ae466-eeb4-4bca-aed2-838ad3b7e586,安吉县实验初级中学,,0,0,0,0,0,0
4604bf81-7f3f-4c4d-b08a-826ab3b07b65,安徽中医药大学,160,0,0,0,0,0,0
ff824a88-6176-4042-ac36-dc5eaf375c2a,安徽信息工程学院,175,0,0,0,0,0,0
55cac598-0cc1-498c-8fc7-34d45889f600,安徽师范大学,165,0,0,0,0,0,0
0b68a882-aeaf-46ae-a03c-2dce0dd0acca,安徽科技学院,133,0,0,0,0,0,0
a2b322b5-886d-4fac-a24f-5d70483e5834,安徽财经大学,151,0,0,0,0,0,0
d0d5ca5f-a4ee-4366-831d-546fc858297d,安阳师范学院,143,0,0,0,0,0,0
c6405b9a-6681-4a1b-b0d7-0e33d7ea0d74,宝鸡文德中学,,0,0,0,0,0,0
8a87db18-7ba0-4eeb-81c9-4f9d0ab7f0d1,宿迁学院,208,0,0,0,0,0,0
44c4d91a-ac56-493d-a59b-1544ab9efbb3,山东中医药大学,274,0,0,0,0,0,0
c638e231-3e23-495f-b5dc-ae3b60233d16,山东协和学院,211,0,0,0,0,0,0
e97571cf-501d-4f1f-a822-33fc4e2c1f61,山东大学附属中学,,0,0,0,0,0,0
e94685ef-1917-4483-94dd-91abc300586a,山东女子学院,126,0,0,0,0,0,0
3c5f56e3-7cc5-44fc-a677-fb7635e4f3a9,山东工商学院,119,0,0,0,0,0,0
280ababc-50f6-4d4a-ac20-7c95dd2bfe64,山东师范大学第二附属中学,,0,0,0,0,0,0
adac82b7-ed87-4f7e-92bb-a0ffa234f1af,山东师范大学附属中学,,0,0,0,0,0,0
5c82a055-586d-440e-a8ce-ac4638b17036,山东省东营市胜利第一中学,,0,0,0,0,0,0
84144428-342a-4ed5-92e2-06a086a77ccc,山东省临沂第一中学,,0,0,0,0,0,0
df693613-857b-4667-9456-a907e537fbdf,山东省实验中学,,0,0,0,0,0,0
a9838c48-fe0d-4c19-85c1-73fdfd272f73,山东省平邑第一中学,,0,0,0,0,0,0
fa3f3d77-cd19-4586-8683-b334e4256574,山东省广饶县第一中学,,0,0,0,0,0,0
8c46a2ea-fd71-492c-91c4-82af45842678,山东省泰安第一中学,,0,0,0,0,0,0
f9bd4875-fa24-4de7-b154-54bf6a5aee33,山东省淄博第四中学,,0,0,0,0,0,0
5bb7ef81-62e7-40a7-844b-12556f3f3494,山东省烟台第二中学,,0,0,0,0,0,0
452ab848-4b5b-4881-9fe7-22390f629278,山东省烟台青华中学,,0,0,0,0,0,0
8404a954-21ee-42b7-9e79-8a9a13a6aa7e,山东省青岛第二中学,,0,0,0,0,0,0
5a089f0b-395c-4f84-99cb-b39c83224b4c,山东石油化工学院,95,0,0,0,0,0,0
a3668094-8fe0-4bae-890f-4380d8e3daf4,山东科技大学济南校区,,0,0,0,0,0,0
fec9c51a-e403-4100-8e94-618bff99bfac,山东科技大学（泰安校区）,142,0,0,0,0,0,0
cb98c160-2f35-4d1c-8695-c6addd2665b7,山东科技大学（泰安）,,0,0,0,0,0,0
48ebcf61-4cf8-4432-9062-3e283bdae3e5,山东第一医科大学,209,0,0,0,0,0,0
31a9afb4-3d58-41a5-9dfd-6c9132b980d6,山东管理学院,168,0,0,0,0,0,0
4f5c839c-6424-4a62-8e03-786ea891ddbc,山东航空学院,138,0,0,0,0,0,0
33314d6a-b5b5-44e5-a49e-f5df931e522e,山东莒县第一中学,,0,0,0,0,0,0
2f7edf9e-c4f7-42d2-bf73-e0b7db648754,山西大学附属中学校,,0,0,0,0,0,0
1a2ff726-1b55-4688-8e95-29a4e9bfa866,广东东软学院,102,0,0,0,0,0,0
1f18459d-3867-4a3f-9dcf-07a7a4a1d448,广东医科大学,103,0,0,0,0,0,0
5429fd2b-bc3b-4857-9c5c-35cd22ff869f,广东培正学院,151,0,0,0,0,0,0
c2df40b5-9ab5-4747-b018-be0b0718b9d4,广东实验中学,,0,0,0,0,0,0
0be63555-123b-45c8-b9a8-5f1e7dc3833c,广东海洋大学,256,0,0,0,0,0,0
500f1a53-bd5e-487d-b352-98ff3fca1a69,广东理工学院,103,0,0,0,0,0,0
a2abcf77-7adf-499a-a6f0-580a98e82cab,广州华商学院,214,0,0,0,0,0,0
11aa14ff-e951-4a21-9e5b-f4d683164596,广州南方学院,135,0,0,0,0,0,0
0d0e8fd5-9854-4b68-a4b6-1b46af0feae4,广州图灵编程,,0,0,0,0,0,0
bad7b96d-e698-45af-8189-a369e4852616,广州大学华软软件学院,144,0,0,0,0,0,0
65fc073c-2e4f-41bd-8526-f023b47057e5,广州大学附属中学,,0,0,0,0,0,0
c44551bc-0580-46f9-87aa-305168fa735f,广州市第六中学,,0,0,0,0,0,0
820b72b0-6b0c-49c2-a707-4ec6c945324d,广州市铁一中学,,0,0,0,0,0,0
924ac961-3fce-4157-9cc6-ff1bc8451f41,广州航海学院,129,0,0,0,0,0,0
fb1b923c-dfb6-419f-974b-295a0ff53f3d,广州软件学院,106,0,0,0,0,0,0
48321e7a-c38d-4af1-ab92-cf5131e90f9c,广西师范大学附属外国语学校,,0,0,0,0,0,0
075a7d13-6b71-4748-b1fe-006c55bd65de,广西民族大学,113,0,0,0,0,0,0
f1a800d8-6101-4e85-9eb3-fa37976747f8,延安大学西安创新学院,134,0,0,0,0,0,0
82caa4f8-45b2-4cc7-b5e6-507481eadb92,延边大学,150,0,0,0,0,0,0
5f239e66-e109-4053-9651-cce72071ef93,快手,,0,0,0,0,0,0
3762b3e2-37d2-4a35-a5e9-59c448924017,成都中医药大学,144,0,0,0,0,0,0
8a66a04b-ea22-48a7-b07e-4319ee1d03e1,成都外国语学校,,0,0,0,0,0,0
82be18aa-5a0c-46a1-8208-e4e8364975ca,成都工业学院,124,0,0,0,0,0,0
fd147cd8-af46-487b-bea4-cf42aaef8d71,成都市树德中学,,0,0,0,0,0,0
848b152b-51e7-4532-92ab-a6009c126e99,成都市第七中学,,0,0,0,0,0,0
de3a88af-d944-4980-bcd4-eb8a46ca0524,成都树德中学,,0,0,0,0,0,0
2cfe321a-df87-4e34-9629-ad79ea0c03f4,成都树德中学光华校区,,0,0,0,0,0,0
0e34cebe-8dba-4eb5-9c9c-45b05fd106bb,成都理工大学工程技术学院,206,0,0,0,0,0,0
3e067075-24ad-4c0a-ac5a-262cde23d5bb,成都石室中学,,0,0,0,0,0,0
7e5e5f0a-2634-4670-8aea-661e947bc7ce,战略支援信息工程大学,263,0,0,0,0,0,0
f3a0acfc-3e04-48f3-b37e-c086b91dd804,折纸大学,,0,0,0,0,0,0
52d27bc5-f213-4595-befe-69ce3322b360,文华学院,173,0,0,0,0,0,0
484df32d-dcad-4c56-a793-523c8d173350,新疆师范大学,124,0,0,0,0,0,0
a9208d12-9bae-47d2-a541-bb5a48d8b345,无锡市第一中学,,0,0,0,0,0,0
3a03e0b6-236d-44ec-bed6-43c783687803,旷视,,0,0,0,0,0,0
d7e5f11f-02c1-48e1-bbd4-293e110b781e,昌吉学院,155,0,0,0,0,0,0
b764887f-dcde-486c-9119-3bcba982cfb2,昭通学院,246,0,0,0,0,0,0
369c57db-2025-4aac-9613-0d561dbc9477,曲阜师范大学日照校区,198,0,0,0,0,0,0
757c2532-b20c-42c1-aefe-5de88878b9f7,杭州二中白马湖学校,,0,0,0,0,0,0
12ba6412-f809-4753-9b56-0d83bcd93b47,杭州医学院,185,0,0,0,0,0,0
19aa6174-f64e-4e96-b06d-60684343249b,杭州学军中学,,0,0,0,0,0,0
8a67a4bb-35ea-43f1-9ae0-1ec31e2eab28,杭州市第二中学,,0,0,0,0,0,0
1a1e249a-ed7b-4355-a322-35053117fa3b,杭州市育才大城北学校,,0,0,0,0,0,0
ef961b0d-fa30-4e64-894a-55fecee221e9,杭州市钱学森学校,,0,0,0,0,0,0
1be83d70-23eb-4399-a5fe-add8c89c13d1,杭州市锦绣中学,,0,0,0,0,0,0
a824bdbc-218e-40db-b033-8de89de7aa73,杭州师范大学附属未来科技城学校,,0,0,0,0,0,0
37c2f719-d745-4454-ace9-c490f94fe8ba,杭州江南实验学校,,0,0,0,0,0,0
b0b8b11c-6079-446e-a6f6-86e2d1e5236c,杭州第二中学,,0,0,0,0,0,0
e9dbd6eb-daad-43c0-bff5-f7af83dd0930,杭州第四中学,,0,0,0,0,0,0
4c8eb67a-d07d-44bc-9042-670380e0859b,杭州育才中学,,0,0,0,0,0,0
69132e68-616e-4e7c-a0cb-a518499dfc39,枣庄学院,209,0,0,0,0,0,0
191a23cf-a6cc-436a-a5c7-3a47d771291d,树德学院,,0,0,0,0,0,0
0e70482c-6892-40a5-8cf0-682e888c9499,桂林信息科技学院,150,0,0,0,0,0,0
b5db6178-3a97-4e3d-9d89-b6d29d821b04,桂林电子科技大学北海校区,,0,0,0,0,0,0
8e05d4e8-da73-4b2a-8965-e36799c75160,桂林航天工业学院,179,0,0,0,0,0,0
c7749058-b059-4e41-af61-5762b51d86de,梦熊联盟,,0,0,0,0,0,0
ac56ae20-c8a1-4c98-bc6f-a4d58eba0d5f,梧州学院,160,0,0,0,0,0,0
1d34dcca-fd2d-4fe1-b7db-2ec28bf55b74,武昌首义学院,149,0,0,0,0,0,0
c45a5657-0073-46a6-88a5-29046bfd753c,武汉学院,148,0,0,0,0,0,0
bea0dff0-1eaa-419f-a9a5-585fe193eaee,武汉职业技术学院,112,0,0,0,0,0,0
c0e36f02-45ad-4fad-951e-d84d02ef51ea,汉江师范学院,243,0,0,0,0,0,0
4e48d085-7d90-41e4-897e-c8a3eb517814,汕头大学,116,0,0,0,0,0,0
8dc0e22d-c1bf-4423-84d8-3f18d0013ccb,江汉大学,141,0,0,0,0,0,0
ad403737-b1c4-4e02-af7b-2eb8bc5c7b7e,江苏海洋大学,111,0,0,0,0,0,0
434d1356-519a-41fe-916a-35f7a209925b,江苏省常州高级中学,,0,0,0,0,0,0
ad156f1c-7dcb-45ad-ad1f-b8888475a457,江苏省苏州中学园区校,,0,0,0,0,0,0
d715eea0-8027-4008-b004-528ff43d07c2,江苏省苏州中学校,,0,0,0,0,0,0
eb45e396-3c01-4c8d-a398-2a34af575b8b,江苏科技大学苏州理工学院,241,0,0,0,0,0,0
17080619-d3fc-4370-ab52-9d28c98e8208,江西理工大学南昌校区（非独立）,86,0,0,0,0,0,0
f450681e-a5e4-4743-9cdf-8047bddfa9ac,江西科技学院,185,0,0,0,0,0,0
527318b6-d7b8-479e-bbd8-114804eb158c,江西科技学院附属中学,,0,0,0,0,0,0
8c3266b6-a308-4a91-b52f-182d75a2feba,江西科技师范大学,230,0,0,0,0,0,0
beb195d9-7e95-4c8e-8e7b-314ee38aeee3,江门市第一实验学校,,0,0,0,0,0,0
842142f2-455c-42ca-bc3a-87e0ed11ca7f,池州学院,252,0,0,0,0,0,0
4e8e9bb5-0416-4b4a-aa0c-9a1574b4cc7e,沈阳农业大学,192,0,0,0,0,0,0
eb9635f2-0ad3-4d52-9ae3-8e452506c2aa,沈阳工业大学,141,0,0,0,0,0,0
fafefe69-e15b-479d-aa0c-6004c2f85437,河北农业大学,141,0,0,0,0,0,0
439b0b79-99ab-4fe8-a7c0-369c1c1f29d9,河北农业大学渤海校区,237,0,0,0,0,0,0
05eaa56c-f2c4-4af4-b61e-e0da1ee7fb23,河北师范大学附属民族学院,147,0,0,0,0,0,0
71f54038-1997-407f-8e73-a9ddbd834e7f,河北民族师范学院,269,0,0,0,0,0,0
4c3b7cfb-e2ce-404d-a5f9-6f164d7d0519,河北科技大学,257,0,0,0,0,0,0
e41ac90e-bab3-4bc8-88b1-0d3f043babdd,河北经贸大学,148,0,0,0,0,0,0
d8056bcc-3b79-4f53-af8f-431457692e06,河南工程学院,154,0,0,0,0,0,0
71780cfd-0569-4e90-8da8-2ce141514591,河南师范大学附属中学,,0,0,0,0,0,0
37e6eab0-bec3-4256-8322-27fa9c04d340,河南科技大学,111,0,0,0,0,0,0
6b93f3a8-f5d5-4b4c-b91b-dadaffb59e8b,河南科技学院,204,0,0,0,0,0,0
0c4717fa-a9be-431c-ba01-67cbc2d86539,河南财政金融学院,117,0,0,0,0,0,0
65fdcd07-ece5-4aab-b494-a61e8b1fe347,河南财经政法大学,134,0,0,0,0,0,0
e9e5e0ae-a4e0-4021-9d14-0580fc00fe3c,河池学院,125,0,0,0,0,0,0
b946fba9-13ab-4924-87e1-5886c9093351,泉州信息工程学院,262,0,0,0,0,0,0
6a0e1181-b078-42c2-bf51-f7240a6d600d,泰山外国语学校,,0,0,0,0,0,0
fc9e531a-000d-4765-aa2a-1198638953ae,泰州学院,205,0,0,0,0,0,0
6b8102b0-8e9c-4b41-bf36-d37e04ccd4a2,洛谷科技,,0,0,0,0,0,0
5cf20be6-5b63-4db0-97a6-499b81d14bb9,洛阳师范学院,,0,0,0,0,0,0
06830b63-6f4d-41f3-b4aa-70b6c1581272,济南市历城第二中学,,0,0,0,0,0,0
c17028d9-b9aa-4af2-ba66-498f86271017,济南新航实验外国语学校,,0,0,0,0,0,0
9820cad5-f90b-4419-84eb-7f629a073569,浙江传媒学院,124,0,0,0,0,0,0
0e862fae-481b-4720-9dca-dbb7300a6961,浙江大学城市学院,118,0,0,0,0,0,0
73344a22-396f-47ef-b885-5ab3b69030ce,浙江安防职业技术学院,113,0,0,0,0,0,0
5afd0a9f-fdde-418e-83c0-93992a55a540,浙江工业大学之江学院,147,0,0,0,0,0,0
26aa1a84-4276-48b0-b395-50f4d3441f53,浙江工商大学杭州商学院,129,0,0,0,0,0,0
e788bda7-8f94-45b2-a64b-500172bdd5c8,浙江省余姚中学,,0,0,0,0,0,0
3d320921-0097-492f-ae00-2600e8d87710,浙江省台州中学,,0,0,0,0,0,0
7ff582ac-6d27-477a-897d-11d3039da6f3,浙江省衢州第二中学,,0,0,0,0,0,0
b4fd397a-a076-458a-a039-73c3b39bc742,浙江省诸暨中学,,0,0,0,0,0,0
1498a74d-6a6b-4c83-9792-9429825a9c0b,浙江省诸暨市海亮高级中学,,0,0,0,0,0,0
317bd41d-6f0f-4c02-baf4-0d76e53f9039,浙江警官职业学院,88,0,0,0,0,0,0
058f2e8b-4828-43c7-a328-6a0832c8ef60,浙江金华第一中学,,0,0,0,0,0,0
e171090b-d3fa-4e2a-8fc7-1e38bd322b4c,浙江金融职业学院,104,0,0,0,0,0,0
cd392e45-06cc-48f8-acc7-9244205d195f,浪人,,0,0,0,0,0,0
2c1229b7-a686-480c-87d2-950e178cd5f0,海亮高级中学,,0,0,0,0,0,0
86fe0ede-86e9-4b07-98d7-951fdebf29cc,淄博实验中学,,0,0,0,0,0,0
b7245fcb-7705-4799-8396-4ae2474a12d9,淄博第四中学,,0,0,0,0,0,0
b7e6dcb4-1661-43fb-91a2-a1bf56bfe2cd,淄川区实验小学,,0,0,0,0,0,0
92ea2709-0375-44ba-8d64-4bf517f04abd,淘宝银发版,,0,0,0,0,0,0
320855df-9c95-42a2-819b-0de961dc1980,淮北理工学院,169,0,0,0,0,0,0
1e23f22d-e7aa-4796-a17b-857076474ee6,淮阴工学院,,0,0,0,0,0,0
0a88d351-da0a-48a2-94bd-4ad10c9b8da4,深圳中学,,0,0,0,0,0,0
6ba9b804-f8f5-48cb-ae56-7410e8811762,深圳可达教育科技有限公司,,0,0,0,0,0,0
48e75190-7c60-485b-ba18-98ff70a190cc,深圳外国语学校,,0,0,0,0,0,0
e84dad0a-5ac6-46dc-90d3-16acf9ff7ade,深圳职业技术大学,,0,0,0,0,0,0
1725a100-f9f0-46b0-b71a-2347358bf099,温州商学院,164,0,0,0,0,0,0
e72421b9-6f86-47b3-9131-ed79cf782043,温州大学瓯江学院,160,0,0,0,0,0,0
855bdbb2-923b-481d-ba73-bf9d45f730d5,温州绣山中学,,0,0,0,0,0,0
50d2eb53-07e5-48d6-8dd0-34906e255058,湖北大学,215,0,0,0,0,0,0
65265d24-f817-4cc1-b83e-0a9fecee9d75,湖北工业大学工程技术学院,228,0,0,0,0,0,0
1bd80093-7294-434d-89a7-7a876df24275,湖北文理学院,216,0,0,0,0,0,0
438fbeea-6a28-4fd1-a2f3-1f38f5602b78,湖北理工学院,110,0,0,0,0,0,0
360c5037-54d6-4371-bda5-d28e1ee98ece,湖北第二师范学院,135,0,0,0,0,0,0
7345559f-f36b-4f33-8418-259e15e6b797,湖北经济学院,107,0,0,0,0,0,0
ef74deda-356c-4d71-aa5e-4625823ea063,湖南人文科技学院,77,0,0,0,0,0,0
200d69f7-efdb-4aa9-b061-a417488dbdf6,湖南农业大学东方科技学院,235,0,0,0,0,0,0
1aff9328-1ea1-4977-9412-63d74776afdd,湖南工程学院,116,0,0,0,0,0,0
6ebdd364-2125-48a4-a0ee-9b519819c060,湖南涉外经济学院,136,0,0,0,0,0,0
80ff9117-c50c-4c82-bd21-ce743ce29bf3,湖南第一师范学院,165,0,0,0,0,0,0
3068679e-1494-44cc-8110-ee3915b6bcee,湖州学院,135,0,0,0,0,0,0
36081f56-5845-4511-9759-1d1d9bb97251,湖州职业技术学院,285,0,0,0,0,0,0
2c1aeb7b-329b-4b38-a775-e4e998009826,滁州学院,188,0,0,0,0,0,0
4ed862f3-49a3-4a9c-a8ec-c1e9c541ad73,滨州学院,264,0,0,0,0,0,0
7770b6b8-12e2-4d99-aac0-d20e419008ec,澳门城市大学,115,0,0,0,0,0,0
b65d624f-0fa6-44cc-b29d-a7c9c9fe88af,烟台理工学院,203,0,0,0,0,0,0
5061e9fe-0ad5-4e83-936e-b18d9413fd89,烟台科技学院,166,0,0,0,0,0,0
9effad9a-469e-49d3-9ef2-695a4ab60060,牛客竞赛,,0,0,0,0,0,0
3986e548-ac6b-430d-b00a-1a70f42d8e90,牛客网,,0,0,0,0,0,0
2111a6b9-bca0-4922-814d-78fcb04bc811,特伦编程（Temege）,,0,0,0,0,0,0
1eb92fb8-68c0-42fa-8520-85764c5d3b95,琼台师范学院,155,0,0,0,0,0,0
775a9f85-f30f-4d01-94b8-a01a58d63cca,甘肃农业大学,165,0,0,0,0,0,0
e5f2d8e1-e9da-41f4-ac6c-397373e75938,电子科技大学成都学院,180,0,0,0,0,0,0
3b8c4218-89bd-448b-8821-8e059f6aa322,直播聊天室,,0,0,0,0,0,0
d5ce3e9d-9f71-4b9b-8a85-baab50377793,睿钯科技,,0,0,0,0,0,0
6e770c6c-b71c-4903-bdc6-90d489d3a336,石家庄市第二中学,,0,0,0,0,0,0
15126f85-bd16-4964-af5a-a38301e19a54,石河子大学,143,0,0,0,0,0,0
22e82516-a47d-43fc-92b6-62bcb878c342,社会参赛(代码源),,0,0,0,0,0,0
208958c5-3fab-43f9-ad84-edacca88f821,福州大学至诚学院,167,0,0,0,0,0,0
b0ee5185-8c8a-4894-9698-3bf85d9554b7,福州职业技术学院,83,0,0,0,0,0,0
8cb77ec3-1a51-4e5a-b5f6-9b8a9ad5e0ca,福建省福州第三中学,,0,0,0,0,0,0
ab5a0a37-365d-44f6-8e26-73f52ae0a958,空军工程大学,186,0,0,0,0,0,0
ff800ab0-721d-4ba9-afb5-4dcba4a18644,美登科技,,0,0,0,0,0,0
5f70a323-02f4-46f4-bad7-aa6d4d0919cc,聊城大学,118,0,0,0,0,0,0
6dfe238d-ed35-4ca1-b558-bcb5f2966dd9,聊城颐中外国语学校,,0,0,0,0,0,0
ae5dccc2-23c4-4806-8b90-2ce17e878161,腾讯,,0,0,0,0,0,0
b2be9387-e375-46c8-9542-b2c87282b621,芜湖一中,137,0,0,0,0,0,0
304cc63d-0786-4935-976d-e175fb9c0a93,苏州中学园区校,,0,0,0,0,0,0
328ce43b-0c5a-4a04-a30f-c9772d75a80c,苏州大学应用技术学院,194,0,0,0,0,0,0
5cb87ba5-6031-4416-8a3c-97af93bdbb31,菏泽学院,208,0,0,0,0,0,0
537d9992-09e1-4b2d-8180-9b719a40ca1e,蒙自市第一高级中学,,0,0,0,0,0,0
b35a5085-cd87-4b60-81c9-8d07a0ac9eb0,衡水学院,183,0,0,0,0,0,0
46e797fb-b5ae-4ab2-a288-18f44f6ee42e,衡阳市第八中学,,0,0,0,0,0,0
f66509b4-a81f-47da-ac9e-6bb69ce0ce33,衢州学院,234,0,0,0,0,0,0
e910b630-d652-47d6-9ce8-8d117cb7bda0,西交利物浦大学,140,0,0,0,0,0,0
16ebc7d5-19ec-49a3-a8c9-5202784d3cf0,西北工业大学附属中学,,0,0,0,0,0,0
f6030f81-ded1-4384-9e5f-8dde1dca4226,西华师范大学,137,0,0,0,0,0,0
beefe954-6047-41f2-b5e5-e789920c9a87,西南石油大学（成都校区）,227,0,0,0,0,0,0
95e410c6-ba4d-4431-ba90-0d05fc31c3cb,西南科技 大学,111,0,0,0,0,0,0
0b9d5c88-45c8-4fdc-9e2f-5765e63343e8,西安交通大学附属中学,,0,0,0,0,0,0
484f97b9-59d1-43d1-be98-507c66bafe31,西安工程大学,,0,0,0,0,0,0
ecc94b47-20c6-4483-9b20-7626d350bf0a,西安市铁一中学,,0,0,0,0,0,0
bcb4c4e4-3c71-4cf6-8d42-cfc20aa1e7dc,西安明德理工学院,245,0,0,0,0,0,0
d1d6c52c-7769-4c1b-a76c-80f865d24b83,西安石油大学,196,0,0,0,0,0,0
b4d5f649-9041-47dd-889f-e8d1255761ad,西安科技大学,156,0,0,0,0,0,0
4d649498-8e2b-4968-80aa-c03e3038f7e6,西安航空学院,242,0,0,0,0,0,0
7a243940-0eaf-4285-b556-365c80673a3d,西安铁一中国际合作学校,,0,0,0,0,0,0
2f49e4cc-ecad-4041-8e58-9264f172617d,西藏民族大学,145,0,0,0,0,0,0
4ed1da38-a68f-4ba0-9513-7c122a8373c6,贵州工程应用技术学院,223,0,0,0,0,0,0
a4aab077-c816-4821-87c4-840593ad27af,贵州师范大学,255,0,0,0,0,0,0
78610b51-3e3d-4783-b42b-1b8ae7a01fa1,贵州民族大学,203,0,0,0,0,0,0
1f17967c-9491-4974-96d0-9712b5e4e1d4,贵阳市第一中学,,0,0,0,0,0,0
a29a0f36-c157-4a6d-aeff-0c9b5b24526c,贺州学院,140,0,0,0,0,0,0
6212831c-95ed-44ba-afad-2f2bdeab0fce,赣东学院,181,0,0,0,0,0,0
328f86a6-5bda-48db-957e-773eb7a5de43,轻舟智航,,0,0,0,0,0,0
a303211a-f1fc-4f3b-8bc8-830f40216305,辽宁中医药大学,,0,0,0,0,0,0
69ccee5d-113f-4bbd-b5f2-9e48443d3041,辽宁工程技术大学,139,0,0,0,0,0,0
0edb0e07-7700-426b-ba7a-a18094072eee,辽宁省实验中学,,0,0,0,0,0,0
ce81752f-1d24-44ce-9f56-c67543ee9a13,辽宁石油化工大学,233,0,0,0,0,0,0
5e307cd9-bdd6-462f-bb65-8c96ccade3ee,通化师范学院,149,0,0,0,0,0,0
1efe834a-c2e4-47ae-875e-b285db8b8944,郑州升达经贸管理学院,218,0,0,0,0,0,0
f0c2d139-a696-4f52-9c40-3159b19763b7,郑州外国语学校,,0,0,0,0,0,0
f041e06f-1d10-4e6e-9d9f-6358deb0453c,郑州经贸学院,126,0,0,0,0,0,0
3862cb3b-b745-4b40-abcf-858df05e66f5,郑州航空工业管理学院,214,0,0,0,0,0,0
40047695-e9d5-47f2-8b41-87afeb0a86ed,重庆一中,,0,0,0,0,0,0
3c110158-e074-4874-9829-63eb856a1e6a,重庆交通大学,110,0,0,0,0,0,0
544767dd-2a3f-4a91-b90e-7a162d315686,重庆人文科技学院,167,0,0,0,0,0,0
f948be62-17ea-4a8f-b957-4153d4572b24,重庆八中宏帆中学,,0,0,0,0,0,0
0416f623-109d-4ea7-a417-df37e57a4061,重庆南开中学,,0,0,0,0,0,0
c951078f-7e29-43c0-9c94-10e6eb747e2f,重庆城市科技学院,88,0,0,0,0,0,0
5cba3c56-bc81-4a36-b5c6-2b874dfdf333,重庆对外经贸学院,105,0,0,0,0,0,0
45352d2a-d8f6-45f7-b29e-5f974eb18f10,重庆市南开中学,,0,0,0,0,0,0
395cbc19-665f-472e-928a-a186a73c8c3e,重庆市第一中学校,,0,0,0,0,0,0
4d7a3e66-93b8-46fb-9f1e-ab24829c5b62,重庆市育才中学校,,0,0,0,0,0,0
88e99256-65fd-4838-a933-70bfee7870ca,重庆师范大学,259,0,0,0,0,0,0
ca6d57db-af0e-485a-a304-55339e0a200c,重庆文理学院,211,0,0,0,0,0,0
3a097598-816f-4a2d-b9b8-2c161e41732f,重庆科技大学,141,0,0,0,0,0,0
31fb9f1f-4200-49b0-a90e-478ab78378e4,重庆科技学院,102,0,0,0,0,0,0
1ddc1aaf-2a32-4901-b59b-29642731bdc3,重庆邮电大学移通学院,171,0,0,0,0,0,0
b14ad33c-d5f4-4265-b493-b53585fac99d,金华市丽泽中学,,0,0,0,0,0,0
4ac92411-dcde-4895-9971-ea358b0656cc,金华职业技术大学,200,0,0,0,0,0,0
1506dfd8-1251-4005-9142-a846298dcd56,钢铁研究总院,135,0,0,0,0,0,0
db501d7f-b262-4054-8a1b-7eeb8e5980f2,长春大学,141,0,0,0,0,0,0
4d4f2cd1-8a97-4a68-9bf8-def836c0e0bd,长春工业大学人文信息学院,135,0,0,0,0,0,0
c9826dd8-80b6-4a33-a65c-4ace82dee2d3,长江大学,96,0,0,0,0,0,0
eb6ec19a-fbcf-4eab-a388-42ac1014da05,长江师范学院,158,0,0,0,0,0,0
4c8eaf6b-807b-4a92-9107-dec25ea29f5c,长沙市雅礼中学,,0,0,0,0,0,0
126b49ac-311b-455f-98c4-c88e97a278fe,长沙师范学院,147,0,0,0,0,0,0
0332eb3e-d8d5-4b37-8d52-862c9a0bde45,长清大学城实验初级中学,,0,0,0,0,0,0
107dbea2-0f90-45dc-9348-355e69aa6f58,闽南科技学院,129,0,0,0,0,0,0
c0264346-4397-433b-a349-599e6811e345,闽江学院,144,0,0,0,0,0,0
d3b02b64-9c6a-44e0-a05b-b0ee3b5883b4,陕西师范大学附属中学,,0,0,0,0,0,0
0a5ac00f-a7a8-4e64-a5df-fad248e3f3b1,陕西理工大学,227,0,0,0,0,0,0
30356adf-f7dd-4eb1-8156-24c92cb6a4f8,集宁师范学院,269,0,0,0,0,0,0
15291ff9-645e-46a1-97d7-9ddfa7f8608d,青岛农业大学海都学院,215,0,0,0,0,0,0
d837e44f-94a3-48a5-a7c1-86ee99fe0eb0,青岛工学院,150,0,0,0,0,0,0
eb648471-c881-41bf-bfe1-6d6cf336c4b4,青海大学,142,0,0,0,0,0,0
bf2c3230-6932-4e55-9a9b-b01a67ef4dc3,首都师范大学附属中学,,0,0,0,0,0,0
87c44246-7e88-492a-88a5-9b4b0c1d60a3,香港中文大学（新加坡）,,0,0,0,0,0,0
cb0e4c6c-95db-42ae-88b9-7c0bfdb79c92,香港城市大学（东莞）,125,0,0,0,0,0,0
08c8fe76-72ea-418a-9dbf-65cbeac156dd,高中联合参赛,,0,0,0,0,0,0
ac0f9b93-931e-4206-af45-4362e28f305a,高唐县第一中学,,0,0,0,0,0,0
3151351f-ca48-4e68-a7eb-972663660341,黄冈师范学院,125,0,0,0,0,0,0
200205b8-658d-43ba-9f39-3915a4a3e765,黄河科技学院,250,0,0,0,0,0,0
9bb27725-48c5-4f5e-9b77-8acb3f2952b5,黄淮学院,140,0,0,0,0,0,0
d87d5fa2-f45b-4675-8544-adbaf9b6e7f4,黑河学院,150,0,0,0,0,0,0
94d968a3-5e31-4bec-9574-76b8264f1c79,黑龙江工程学院,129,0,0,0,0,0,0
0f771d99-fbe0-4c7b-923c-ce45eeb28195,黑龙江科技大学,149,0,0,0,0,0,0
b9c3c49b-3c9d-4ea5-bf49-08cc3001cf20,齐鲁工业大学（山东省科学院）,136,0,0,0,0,0,0
a071938c-62c1-4dc9-95be-2182c3bb07ac,齐鲁理工学院,,0,0,0,0,0,0
2a03f4cf-5d09-46b8-b29e-9a38968b571b,齐齐哈尔市实验中学,,0,0,0,0,0,0
